DATE,MONTH,DAY,TAVG
1/1/2014,1,1,54
1/2/2014,1,2,60
1/3/2014,1,3,44
1/4/2014,1,4,43
1/5/2014,1,5,60
1/6/2014,1,6,57
1/7/2014,1,7,34
1/8/2014,1,8,38
1/9/2014,1,9,53
1/10/2014,1,10,67
1/11/2014,1,11,70
1/12/2014,1,12,59
1/13/2014,1,13,54
1/14/2014,1,14,63
1/15/2014,1,15,51
1/16/2014,1,16,45
1/17/2014,1,17,44
1/18/2014,1,18,47
1/19/2014,1,19,44
1/20/2014,1,20,51
1/21/2014,1,21,56
1/22/2014,1,22,43
1/23/2014,1,23,40
1/24/2014,1,24,41
1/25/2014,1,25,47
1/26/2014,1,26,53
1/27/2014,1,27,59
1/28/2014,1,28,59
1/29/2014,1,29,42
1/30/2014,1,30,38
1/31/2014,1,31,47
2/1/2014,2,1,61
2/2/2014,2,2,66
2/3/2014,2,3,70
2/4/2014,2,4,66
2/5/2014,2,5,70
2/6/2014,2,6,55
2/7/2014,2,7,49
2/8/2014,2,8,51
2/9/2014,2,9,53
2/10/2014,2,10,54
2/11/2014,2,11,56
2/12/2014,2,12,51
2/13/2014,2,13,49
2/14/2014,2,14,47
2/15/2014,2,15,54
2/16/2014,2,16,50
2/17/2014,2,17,55
2/18/2014,2,18,58
2/19/2014,2,19,66
2/20/2014,2,20,64
2/21/2014,2,21,68
2/22/2014,2,22,67
2/23/2014,2,23,58
2/24/2014,2,24,62
2/25/2014,2,25,65
2/26/2014,2,26,59
2/27/2014,2,27,52
2/28/2014,2,28,50
3/1/2014,3,1,55
3/2/2014,3,2,59
3/3/2014,3,3,64
3/4/2014,3,4,60
3/5/2014,3,5,48
3/6/2014,3,6,52
3/7/2014,3,7,46
3/8/2014,3,8,51
3/9/2014,3,9,57
3/10/2014,3,10,63
3/11/2014,3,11,64
3/12/2014,3,12,69
3/13/2014,3,13,56
3/14/2014,3,14,52
3/15/2014,3,15,60
3/16/2014,3,16,67
3/17/2014,3,17,62
3/18/2014,3,18,61
3/19/2014,3,19,59
3/20/2014,3,20,62
3/21/2014,3,21,64
3/22/2014,3,22,69
3/23/2014,3,23,67
3/24/2014,3,24,63
3/25/2014,3,25,62
3/26/2014,3,26,51
3/27/2014,3,27,54
3/28/2014,3,28,65
3/29/2014,3,29,68
3/30/2014,3,30,62
3/31/2014,3,31,60
4/1/2014,4,1,62
4/2/2014,4,2,65
4/3/2014,4,3,68
4/4/2014,4,4,69
4/5/2014,4,5,71
4/6/2014,4,6,73
4/7/2014,4,7,73
4/8/2014,4,8,71
4/9/2014,4,9,62
4/10/2014,4,10,63
4/11/2014,4,11,66
4/12/2014,4,12,70
4/13/2014,4,13,69
4/14/2014,4,14,72
4/15/2014,4,15,70
4/16/2014,4,16,55
4/17/2014,4,17,62
4/18/2014,4,18,67
4/19/2014,4,19,66
4/20/2014,4,20,60
4/21/2014,4,21,63
4/22/2014,4,22,65
4/23/2014,4,23,70
4/24/2014,4,24,73
4/25/2014,4,25,72
4/26/2014,4,26,75
4/27/2014,4,27,74
4/28/2014,4,28,77
4/29/2014,4,29,73
4/30/2014,4,30,73
5/1/2014,5,1,74
5/2/2014,5,2,66
5/3/2014,5,3,63
5/4/2014,5,4,67
5/5/2014,5,5,73
5/6/2014,5,6,74
5/7/2014,5,7,74
5/8/2014,5,8,77
5/9/2014,5,9,78
5/10/2014,5,10,77
5/11/2014,5,11,75
5/12/2014,5,12,75
5/13/2014,5,13,76
5/14/2014,5,14,75
5/15/2014,5,15,74
5/16/2014,5,16,67
5/17/2014,5,17,66
5/18/2014,5,18,67
5/19/2014,5,19,72
5/20/2014,5,20,72
5/21/2014,5,21,71
5/22/2014,5,22,77
5/23/2014,5,23,79
5/24/2014,5,24,81
5/25/2014,5,25,77
5/26/2014,5,26,74
5/27/2014,5,27,76
5/28/2014,5,28,74
5/29/2014,5,29,75
5/30/2014,5,30,75
5/31/2014,5,31,74
6/1/2014,6,1,75
6/2/2014,6,2,75
6/3/2014,6,3,73
6/4/2014,6,4,74
6/5/2014,6,5,76
6/6/2014,6,6,79
6/7/2014,6,7,78
6/8/2014,6,8,78
6/9/2014,6,9,78
6/10/2014,6,10,78
6/11/2014,6,11,73
6/12/2014,6,12,75
6/13/2014,6,13,76
6/14/2014,6,14,76
6/15/2014,6,15,76
6/16/2014,6,16,75
6/17/2014,6,17,77
6/18/2014,6,18,78
6/19/2014,6,19,79
6/20/2014,6,20,81
6/21/2014,6,21,78
6/22/2014,6,22,79
6/23/2014,6,23,76
6/24/2014,6,24,77
6/25/2014,6,25,80
6/26/2014,6,26,82
6/27/2014,6,27,83
6/28/2014,6,28,84
6/29/2014,6,29,83
6/30/2014,6,30,81
7/1/2014,7,1,82
7/2/2014,7,2,81
7/3/2014,7,3,81
7/4/2014,7,4,76
7/5/2014,7,5,78
7/6/2014,7,6,75
7/7/2014,7,7,77
7/8/2014,7,8,78
7/9/2014,7,9,79
7/10/2014,7,10,79
7/11/2014,7,11,78
7/12/2014,7,12,74
7/13/2014,7,13,77
7/14/2014,7,14,77
7/15/2014,7,15,76
7/16/2014,7,16,77
7/17/2014,7,17,79
7/18/2014,7,18,81
7/19/2014,7,19,80
7/20/2014,7,20,79
7/21/2014,7,21,79
7/22/2014,7,22,78
7/23/2014,7,23,79
7/24/2014,7,24,82
7/25/2014,7,25,82
7/26/2014,7,26,81
7/27/2014,7,27,83
7/28/2014,7,28,84
7/29/2014,7,29,84
7/30/2014,7,30,79
7/31/2014,7,31,79
8/1/2014,8,1,81
8/2/2014,8,2,79
8/3/2014,8,3,80
8/4/2014,8,4,79
8/5/2014,8,5,81
8/6/2014,8,6,81
8/7/2014,8,7,81
8/8/2014,8,8,79
8/9/2014,8,9,80
8/10/2014,8,10,79
8/11/2014,8,11,78
8/12/2014,8,12,78
8/13/2014,8,13,79
8/14/2014,8,14,78
8/15/2014,8,15,77
8/16/2014,8,16,80
8/17/2014,8,17,82
8/18/2014,8,18,80
8/19/2014,8,19,81
8/20/2014,8,20,83
8/21/2014,8,21,84
8/22/2014,8,22,81
8/23/2014,8,23,82
8/24/2014,8,24,81
8/25/2014,8,25,80
8/26/2014,8,26,79
8/27/2014,8,27,78
8/28/2014,8,28,78
8/29/2014,8,29,79
8/30/2014,8,30,79
8/31/2014,8,31,79
9/1/2014,9,1,81
9/2/2014,9,2,79
9/3/2014,9,3,80
9/4/2014,9,4,78
9/5/2014,9,5,76
9/6/2014,9,6,75
9/7/2014,9,7,78
9/8/2014,9,8,78
9/9/2014,9,9,76
9/10/2014,9,10,78
9/11/2014,9,11,80
9/12/2014,9,12,80
9/13/2014,9,13,80
9/14/2014,9,14,81
9/15/2014,9,15,78
9/16/2014,9,16,75
9/17/2014,9,17,76
9/18/2014,9,18,78
9/19/2014,9,19,74
9/20/2014,9,20,74
9/21/2014,9,21,75
9/22/2014,9,22,74
9/23/2014,9,23,73
9/24/2014,9,24,71
9/25/2014,9,25,70
9/26/2014,9,26,73
9/27/2014,9,27,76
9/28/2014,9,28,76
9/29/2014,9,29,74
9/30/2014,9,30,75
10/1/2014,10,1,75
10/2/2014,10,2,77
10/3/2014,10,3,76
10/4/2014,10,4,74
10/5/2014,10,5,62
10/6/2014,10,6,62
10/7/2014,10,7,72
10/8/2014,10,8,75
10/9/2014,10,9,75
10/10/2014,10,10,75
10/11/2014,10,11,74
10/12/2014,10,12,75
10/13/2014,10,13,77
10/14/2014,10,14,76
10/15/2014,10,15,72
10/16/2014,10,16,65
10/17/2014,10,17,64
10/18/2014,10,18,65
10/19/2014,10,19,68
10/20/2014,10,20,69
10/21/2014,10,21,71
10/22/2014,10,22,67
10/23/2014,10,23,62
10/24/2014,10,24,60
10/25/2014,10,25,61
10/26/2014,10,26,62
10/27/2014,10,27,68
10/28/2014,10,28,67
10/29/2014,10,29,69
10/30/2014,10,30,67
10/31/2014,10,31,64
11/1/2014,11,1,52
11/2/2014,11,2,48
11/3/2014,11,3,50
11/4/2014,11,4,61
11/5/2014,11,5,67
11/6/2014,11,6,67
11/7/2014,11,7,63
11/8/2014,11,8,54
11/9/2014,11,9,60
11/10/2014,11,10,60
11/11/2014,11,11,62
11/12/2014,11,12,59
11/13/2014,11,13,63
11/14/2014,11,14,57
11/15/2014,11,15,51
11/16/2014,11,16,61
11/17/2014,11,17,66
11/18/2014,11,18,50
11/19/2014,11,19,39
11/20/2014,11,20,41
11/21/2014,11,21,51
11/22/2014,11,22,60
11/23/2014,11,23,71
11/24/2014,11,24,76
11/25/2014,11,25,69
11/26/2014,11,26,56
11/27/2014,11,27,48
11/28/2014,11,28,45
11/29/2014,11,29,47
11/30/2014,11,30,56
12/1/2014,12,1,61
12/2/2014,12,2,66
12/3/2014,12,3,65
12/4/2014,12,4,65
12/5/2014,12,5,66
12/6/2014,12,6,67
12/7/2014,12,7,61
12/8/2014,12,8,55
12/9/2014,12,9,51
12/10/2014,12,10,46
12/11/2014,12,11,44
12/12/2014,12,12,48
12/13/2014,12,13,46
12/14/2014,12,14,48
12/15/2014,12,15,49
12/16/2014,12,16,53
12/17/2014,12,17,57
12/18/2014,12,18,51
12/19/2014,12,19,55
12/20/2014,12,20,57
12/21/2014,12,21,60
12/22/2014,12,22,65
12/23/2014,12,23,69
12/24/2014,12,24,70
12/25/2014,12,25,58
12/26/2014,12,26,52
12/27/2014,12,27,62
12/28/2014,12,28,66
12/29/2014,12,29,67
12/30/2014,12,30,68
12/31/2014,12,31,55
1/1/2015,1,1,55
1/2/2015,1,2,60
1/3/2015,1,3,67
1/4/2015,1,4,70
1/5/2015,1,5,59
1/6/2015,1,6,52
1/7/2015,1,7,50
1/8/2015,1,8,39
1/9/2015,1,9,43
1/10/2015,1,10,46
1/11/2015,1,11,55
1/12/2015,1,12,62
1/13/2015,1,13,62
1/14/2015,1,14,55
1/15/2015,1,15,48
1/16/2015,1,16,50
1/17/2015,1,17,48
1/18/2015,1,18,56
1/19/2015,1,19,49
1/20/2015,1,20,49
1/21/2015,1,21,58
1/22/2015,1,22,59
1/23/2015,1,23,63
1/24/2015,1,24,61
1/25/2015,1,25,47
1/26/2015,1,26,54
1/27/2015,1,27,50
1/28/2015,1,28,46
1/29/2015,1,29,46
1/30/2015,1,30,55
1/31/2015,1,31,50
2/1/2015,2,1,55
2/2/2015,2,2,62
2/3/2015,2,3,45
2/4/2015,2,4,51
2/5/2015,2,5,56
2/6/2015,2,6,48
2/7/2015,2,7,50
2/8/2015,2,8,54
2/9/2015,2,9,55
2/10/2015,2,10,55
2/11/2015,2,11,51
2/12/2015,2,12,53
2/13/2015,2,13,47
2/14/2015,2,14,44
2/15/2015,2,15,56
2/16/2015,2,16,56
2/17/2015,2,17,62
2/18/2015,2,18,47
2/19/2015,2,19,40
2/20/2015,2,20,36
2/21/2015,2,21,48
2/22/2015,2,22,62
2/23/2015,2,23,65
2/24/2015,2,24,61
2/25/2015,2,25,55
2/26/2015,2,26,60
2/27/2015,2,27,51
2/28/2015,2,28,53
3/1/2015,3,1,58
3/2/2015,3,2,66
3/3/2015,3,3,70
3/4/2015,3,4,71
3/5/2015,3,5,71
3/6/2015,3,6,57
3/7/2015,3,7,52
3/8/2015,3,8,57
3/9/2015,3,9,63
3/10/2015,3,10,69
3/11/2015,3,11,71
3/12/2015,3,12,72
3/13/2015,3,13,73
3/14/2015,3,14,74
3/15/2015,3,15,72
3/16/2015,3,16,70
3/17/2015,3,17,69
3/18/2015,3,18,70
3/19/2015,3,19,69
3/20/2015,3,20,70
3/21/2015,3,21,71
3/22/2015,3,22,73
3/23/2015,3,23,69
3/24/2015,3,24,63
3/25/2015,3,25,66
3/26/2015,3,26,66
3/27/2015,3,27,67
3/28/2015,3,28,54
3/29/2015,3,29,51
3/30/2015,3,30,57
3/31/2015,3,31,67
4/1/2015,4,1,71
4/2/2015,4,2,70
4/3/2015,4,3,71
4/4/2015,4,4,69
4/5/2015,4,5,69
4/6/2015,4,6,70
4/7/2015,4,7,73
4/8/2015,4,8,74
4/9/2015,4,9,74
4/10/2015,4,10,76
4/11/2015,4,11,73
4/12/2015,4,12,72
4/13/2015,4,13,71
4/14/2015,4,14,73
4/15/2015,4,15,74
4/16/2015,4,16,70
4/17/2015,4,17,68
4/18/2015,4,18,75
4/19/2015,4,19,75
4/20/2015,4,20,68
4/21/2015,4,21,70
4/22/2015,4,22,71
4/23/2015,4,23,72
4/24/2015,4,24,73
4/25/2015,4,25,72
4/26/2015,4,26,78
4/27/2015,4,27,75
4/28/2015,4,28,69
4/29/2015,4,29,71
4/30/2015,4,30,67
5/1/2015,5,1,67
5/2/2015,5,2,64
5/3/2015,5,3,67
5/4/2015,5,4,67
5/5/2015,5,5,69
5/6/2015,5,6,71
5/7/2015,5,7,71
5/8/2015,5,8,72
5/9/2015,5,9,75
5/10/2015,5,10,77
5/11/2015,5,11,78
5/12/2015,5,12,77
5/13/2015,5,13,76
5/14/2015,5,14,74
5/15/2015,5,15,75
5/16/2015,5,16,74
5/17/2015,5,17,76
5/18/2015,5,18,78
5/19/2015,5,19,78
5/20/2015,5,20,77
5/21/2015,5,21,80
5/22/2015,5,22,79
5/23/2015,5,23,76
5/24/2015,5,24,78
5/25/2015,5,25,79
5/26/2015,5,26,79
5/27/2015,5,27,78
5/28/2015,5,28,75
5/29/2015,5,29,77
5/30/2015,5,30,76
5/31/2015,5,31,78
6/1/2015,6,1,77
6/2/2015,6,2,73
6/3/2015,6,3,75
6/4/2015,6,4,78
6/5/2015,6,5,77
6/6/2015,6,6,76
6/7/2015,6,7,77
6/8/2015,6,8,78
6/9/2015,6,9,80
6/10/2015,6,10,76
6/11/2015,6,11,77
6/12/2015,6,12,79
6/13/2015,6,13,81
6/14/2015,6,14,82
6/15/2015,6,15,82
6/16/2015,6,16,84
6/17/2015,6,17,84
6/18/2015,6,18,83
6/19/2015,6,19,82
6/20/2015,6,20,86
6/21/2015,6,21,85
6/22/2015,6,22,83
6/23/2015,6,23,77
6/24/2015,6,24,78
6/25/2015,6,25,77
6/26/2015,6,26,79
6/27/2015,6,27,81
6/28/2015,6,28,80
6/29/2015,6,29,77
6/30/2015,6,30,79
7/1/2015,7,1,79
7/2/2015,7,2,78
7/3/2015,7,3,79
7/4/2015,7,4,78
7/5/2015,7,5,77
7/6/2015,7,6,76
7/7/2015,7,7,78
7/8/2015,7,8,79
7/9/2015,7,9,80
7/10/2015,7,10,82
7/11/2015,7,11,81
7/12/2015,7,12,82
7/13/2015,7,13,80
7/14/2015,7,14,83
7/15/2015,7,15,80
7/16/2015,7,16,81
7/17/2015,7,17,80
7/18/2015,7,18,80
7/19/2015,7,19,82
7/20/2015,7,20,79
7/21/2015,7,21,80
7/22/2015,7,22,84
7/23/2015,7,23,84
7/24/2015,7,24,80
7/25/2015,7,25,78
7/26/2015,7,26,78
7/27/2015,7,27,80
7/28/2015,7,28,81
7/29/2015,7,29,82
7/30/2015,7,30,79
7/31/2015,7,31,80
8/1/2015,8,1,76
8/2/2015,8,2,76
8/3/2015,8,3,77
8/4/2015,8,4,78
8/5/2015,8,5,80
8/6/2015,8,6,81
8/7/2015,8,7,79
8/8/2015,8,8,80
8/9/2015,8,9,82
8/10/2015,8,10,81
8/11/2015,8,11,81
8/12/2015,8,12,82
8/13/2015,8,13,79
8/14/2015,8,14,79
8/15/2015,8,15,78
8/16/2015,8,16,77
8/17/2015,8,17,77
8/18/2015,8,18,79
8/19/2015,8,19,80
8/20/2015,8,20,80
8/21/2015,8,21,82
8/22/2015,8,22,83
8/23/2015,8,23,81
8/24/2015,8,24,78
8/25/2015,8,25,83
8/26/2015,8,26,82
8/27/2015,8,27,78
8/28/2015,8,28,79
8/29/2015,8,29,78
8/30/2015,8,30,77
8/31/2015,8,31,78
9/1/2015,9,1,79
9/2/2015,9,2,81
9/3/2015,9,3,81
9/4/2015,9,4,79
9/5/2015,9,5,77
9/6/2015,9,6,76
9/7/2015,9,7,75
9/8/2015,9,8,78
9/9/2015,9,9,79
9/10/2015,9,10,80
9/11/2015,9,11,82
9/12/2015,9,12,76
9/13/2015,9,13,75
9/14/2015,9,14,73
9/15/2015,9,15,76
9/16/2015,9,16,75
9/17/2015,9,17,75
9/18/2015,9,18,75
9/19/2015,9,19,78
9/20/2015,9,20,78
9/21/2015,9,21,78
9/22/2015,9,22,78
9/23/2015,9,23,76
9/24/2015,9,24,76
9/25/2015,9,25,75
9/26/2015,9,26,76
9/27/2015,9,27,77
9/28/2015,9,28,78
9/29/2015,9,29,76
9/30/2015,9,30,80
10/1/2015,10,1,79
10/2/2015,10,2,74
10/3/2015,10,3,69
10/4/2015,10,4,67
10/5/2015,10,5,70
10/6/2015,10,6,70
10/7/2015,10,7,72
10/8/2015,10,8,72
10/9/2015,10,9,76
10/10/2015,10,10,76
10/11/2015,10,11,71
10/12/2015,10,12,69
10/13/2015,10,13,70
10/14/2015,10,14,74
10/15/2015,10,15,69
10/16/2015,10,16,67
10/17/2015,10,17,69
10/18/2015,10,18,66
10/19/2015,10,19,63
10/20/2015,10,20,67
10/21/2015,10,21,69
10/22/2015,10,22,73
10/23/2015,10,23,74
10/24/2015,10,24,72
10/25/2015,10,25,73
10/26/2015,10,26,71
10/27/2015,10,27,71
10/28/2015,10,28,75
10/29/2015,10,29,72
10/30/2015,10,30,68
10/31/2015,10,31,70
11/1/2015,11,1,76
11/2/2015,11,2,76
11/3/2015,11,3,79
11/4/2015,11,4,78
11/5/2015,11,5,78
11/6/2015,11,6,76
11/7/2015,11,7,75
11/8/2015,11,8,74
11/9/2015,11,9,74
11/10/2015,11,10,74
11/11/2015,11,11,67
11/12/2015,11,12,67
11/13/2015,11,13,68
11/14/2015,11,14,60
11/15/2015,11,15,62
11/16/2015,11,16,66
11/17/2015,11,17,70
11/18/2015,11,18,74
11/19/2015,11,19,73
11/20/2015,11,20,71
11/21/2015,11,21,68
11/22/2015,11,22,67
11/23/2015,11,23,49
11/24/2015,11,24,53
11/25/2015,11,25,61
11/26/2015,11,26,67
11/27/2015,11,27,67
11/28/2015,11,28,67
11/29/2015,11,29,66
11/30/2015,11,30,67
12/1/2015,12,1,69
12/2/2015,12,2,70
12/3/2015,12,3,63
12/4/2015,12,4,57
12/5/2015,12,5,60
12/6/2015,12,6,65
12/7/2015,12,7,62
12/8/2015,12,8,55
12/9/2015,12,9,60
12/10/2015,12,10,60
12/11/2015,12,11,60
12/12/2015,12,12,62
12/13/2015,12,13,68
12/14/2015,12,14,73
12/15/2015,12,15,71
12/16/2015,12,16,73
12/17/2015,12,17,72
12/18/2015,12,18,66
12/19/2015,12,19,47
12/20/2015,12,20,51
12/21/2015,12,21,62
12/22/2015,12,22,72
12/23/2015,12,23,71
12/24/2015,12,24,73
12/25/2015,12,25,74
12/26/2015,12,26,73
12/27/2015,12,27,74
12/28/2015,12,28,74
12/29/2015,12,29,73
12/30/2015,12,30,73
12/31/2015,12,31,73
1/1/2016,1,1,71
1/2/2016,1,2,55
1/3/2016,1,3,50
1/4/2016,1,4,51
1/5/2016,1,5,47
1/6/2016,1,6,50
1/7/2016,1,7,54
1/8/2016,1,8,60
1/9/2016,1,9,60
1/10/2016,1,10,62
1/11/2016,1,11,45
1/12/2016,1,12,42
1/13/2016,1,13,45
1/14/2016,1,14,46
1/15/2016,1,15,60
1/16/2016,1,16,58
1/17/2016,1,17,58
1/18/2016,1,18,46
1/19/2016,1,19,41
1/20/2016,1,20,41
1/21/2016,1,21,50
1/22/2016,1,22,58
1/23/2016,1,23,43
1/24/2016,1,24,38
1/25/2016,1,25,44
1/26/2016,1,26,56
1/27/2016,1,27,63
1/28/2016,1,28,58
1/29/2016,1,29,55
1/30/2016,1,30,52
1/31/2016,1,31,54
2/1/2016,2,1,61
2/2/2016,2,2,65
2/3/2016,2,3,73
2/4/2016,2,4,67
2/5/2016,2,5,48
2/6/2016,2,6,49
2/7/2016,2,7,46
2/8/2016,2,8,46
2/9/2016,2,9,51
2/10/2016,2,10,43
2/11/2016,2,11,45
2/12/2016,2,12,60
2/13/2016,2,13,57
2/14/2016,2,14,49
2/15/2016,2,15,55
2/16/2016,2,16,63
2/17/2016,2,17,58
2/18/2016,2,18,54
2/19/2016,2,19,55
2/20/2016,2,20,58
2/21/2016,2,21,64
2/22/2016,2,22,63
2/23/2016,2,23,69
2/24/2016,2,24,69
2/25/2016,2,25,54
2/26/2016,2,26,50
2/27/2016,2,27,47
2/28/2016,2,28,51
2/29/2016,2,29,56
3/1/2016,3,1,59
3/2/2016,3,2,67
3/3/2016,3,3,59
3/4/2016,3,4,58
3/5/2016,3,5,54
3/6/2016,3,6,58
3/7/2016,3,7,59
3/8/2016,3,8,64
3/9/2016,3,9,67
3/10/2016,3,10,71
3/11/2016,3,11,70
3/12/2016,3,12,69
3/13/2016,3,13,70
3/14/2016,3,14,70
3/15/2016,3,15,72
3/16/2016,3,16,75
3/17/2016,3,17,70
3/18/2016,3,18,68
3/19/2016,3,19,69
3/20/2016,3,20,70
3/21/2016,3,21,55
3/22/2016,3,22,53
3/23/2016,3,23,59
3/24/2016,3,24,67
3/25/2016,3,25,67
3/26/2016,3,26,70
3/27/2016,3,27,74
3/28/2016,3,28,73
3/29/2016,3,29,68
3/30/2016,3,30,69
3/31/2016,3,31,73
4/1/2016,4,1,73
4/2/2016,4,2,73
4/3/2016,4,3,64
4/4/2016,4,4,65
4/5/2016,4,5,68
4/6/2016,4,6,65
4/7/2016,4,7,69
4/8/2016,4,8,70
4/9/2016,4,9,63
4/10/2016,4,10,63
4/11/2016,4,11,66
4/12/2016,4,12,69
4/13/2016,4,13,69
4/14/2016,4,14,67
4/15/2016,4,15,67
4/16/2016,4,16,69
4/17/2016,4,17,66
4/18/2016,4,18,63
4/19/2016,4,19,64
4/20/2016,4,20,67
4/21/2016,4,21,69
4/22/2016,4,22,71
4/23/2016,4,23,70
4/24/2016,4,24,73
4/25/2016,4,25,71
4/26/2016,4,26,72
4/27/2016,4,27,74
4/28/2016,4,28,76
4/29/2016,4,29,76
4/30/2016,4,30,78
5/1/2016,5,1,79
5/2/2016,5,2,79
5/3/2016,5,3,78
5/4/2016,5,4,72
5/5/2016,5,5,67
5/6/2016,5,6,61
5/7/2016,5,7,65
5/8/2016,5,8,71
5/9/2016,5,9,72
5/10/2016,5,10,75
5/11/2016,5,11,76
5/12/2016,5,12,77
5/13/2016,5,13,75
5/14/2016,5,14,75
5/15/2016,5,15,74
5/16/2016,5,16,74
5/17/2016,5,17,76
5/18/2016,5,18,76
5/19/2016,5,19,79
5/20/2016,5,20,73
5/21/2016,5,21,76
5/22/2016,5,22,77
5/23/2016,5,23,72
5/24/2016,5,24,74
5/25/2016,5,25,75
5/26/2016,5,26,74
5/27/2016,5,27,73
5/28/2016,5,28,77
5/29/2016,5,29,77
5/30/2016,5,30,78
5/31/2016,5,31,79
6/1/2016,6,1,79
6/2/2016,6,2,80
6/3/2016,6,3,83
6/4/2016,6,4,82
6/5/2016,6,5,82
6/6/2016,6,6,75
6/7/2016,6,7,79
6/8/2016,6,8,82
6/9/2016,6,9,82
6/10/2016,6,10,81
6/11/2016,6,11,78
6/12/2016,6,12,82
6/13/2016,6,13,83
6/14/2016,6,14,84
6/15/2016,6,15,84
6/16/2016,6,16,80
6/17/2016,6,17,81
6/18/2016,6,18,77
6/19/2016,6,19,77
6/20/2016,6,20,76
6/21/2016,6,21,75
6/22/2016,6,22,79
6/23/2016,6,23,81
6/24/2016,6,24,84
6/25/2016,6,25,83
6/26/2016,6,26,81
6/27/2016,6,27,80
6/28/2016,6,28,81
6/29/2016,6,29,82
6/30/2016,6,30,80
7/1/2016,7,1,79
7/2/2016,7,2,79
7/3/2016,7,3,81
7/4/2016,7,4,84
7/5/2016,7,5,83
7/6/2016,7,6,85
7/7/2016,7,7,83
7/8/2016,7,8,85
7/9/2016,7,9,85
7/10/2016,7,10,85
7/11/2016,7,11,83
7/12/2016,7,12,82
7/13/2016,7,13,85
7/14/2016,7,14,80
7/15/2016,7,15,79
7/16/2016,7,16,78
7/17/2016,7,17,79
7/18/2016,7,18,80
7/19/2016,7,19,82
7/20/2016,7,20,82
7/21/2016,7,21,83
7/22/2016,7,22,82
7/23/2016,7,23,82
7/24/2016,7,24,83
7/25/2016,7,25,81
7/26/2016,7,26,83
7/27/2016,7,27,84
7/28/2016,7,28,86
7/29/2016,7,29,83
7/30/2016,7,30,83
7/31/2016,7,31,84
8/1/2016,8,1,81
8/2/2016,8,2,81
8/3/2016,8,3,82
8/4/2016,8,4,79
8/5/2016,8,5,80
8/6/2016,8,6,78
8/7/2016,8,7,77
8/8/2016,8,8,78
8/9/2016,8,9,78
8/10/2016,8,10,80
8/11/2016,8,11,80
8/12/2016,8,12,81
8/13/2016,8,13,81
8/14/2016,8,14,79
8/15/2016,8,15,81
8/16/2016,8,16,81
8/17/2016,8,17,81
8/18/2016,8,18,82
8/19/2016,8,19,82
8/20/2016,8,20,83
8/21/2016,8,21,83
8/22/2016,8,22,85
8/23/2016,8,23,83
8/24/2016,8,24,83
8/25/2016,8,25,82
8/26/2016,8,26,82
8/27/2016,8,27,81
8/28/2016,8,28,83
8/29/2016,8,29,81
8/30/2016,8,30,78
8/31/2016,8,31,78
9/1/2016,9,1,76
9/2/2016,9,2,82
9/3/2016,9,3,78
9/4/2016,9,4,76
9/5/2016,9,5,80
9/6/2016,9,6,74
9/7/2016,9,7,77
9/8/2016,9,8,76
9/9/2016,9,9,77
9/10/2016,9,10,81
9/11/2016,9,11,82
9/12/2016,9,12,79
9/13/2016,9,13,78
9/14/2016,9,14,77
9/15/2016,9,15,80
9/16/2016,9,16,81
9/17/2016,9,17,81
9/18/2016,9,18,81
9/19/2016,9,19,81
9/20/2016,9,20,78
9/21/2016,9,21,78
9/22/2016,9,22,80
9/23/2016,9,23,80
9/24/2016,9,24,80
9/25/2016,9,25,80
9/26/2016,9,26,79
9/27/2016,9,27,79
9/28/2016,9,28,76
9/29/2016,9,29,76
9/30/2016,9,30,79
10/1/2016,10,1,77
10/2/2016,10,2,76
10/3/2016,10,3,76
10/4/2016,10,4,78
10/5/2016,10,5,76
10/6/2016,10,6,73
10/7/2016,10,7,74
10/8/2016,10,8,79
10/9/2016,10,9,76
10/10/2016,10,10,68
10/11/2016,10,11,69
10/12/2016,10,12,72
10/13/2016,10,13,74
10/14/2016,10,14,71
10/15/2016,10,15,73
10/16/2016,10,16,75
10/17/2016,10,17,75
10/18/2016,10,18,72
10/19/2016,10,19,72
10/20/2016,10,20,72
10/21/2016,10,21,72
10/22/2016,10,22,63
10/23/2016,10,23,58
10/24/2016,10,24,59
10/25/2016,10,25,62
10/26/2016,10,26,73
10/27/2016,10,27,70
10/28/2016,10,28,72
10/29/2016,10,29,72
10/30/2016,10,30,73
10/31/2016,10,31,70
11/1/2016,11,1,69
11/2/2016,11,2,74
11/3/2016,11,3,72
11/4/2016,11,4,71
11/5/2016,11,5,68
11/6/2016,11,6,65
11/7/2016,11,7,69
11/8/2016,11,8,66
11/9/2016,11,9,66
11/10/2016,11,10,63
11/11/2016,11,11,58
11/12/2016,11,12,62
11/13/2016,11,13,64
11/14/2016,11,14,60
11/15/2016,11,15,57
11/16/2016,11,16,59
11/17/2016,11,17,58
11/18/2016,11,18,59
11/19/2016,11,19,62
11/20/2016,11,20,53
11/21/2016,11,21,48
11/22/2016,11,22,51
11/23/2016,11,23,63
11/24/2016,11,24,67
11/25/2016,11,25,67
11/26/2016,11,26,62
11/27/2016,11,27,58
11/28/2016,11,28,61
11/29/2016,11,29,72
11/30/2016,11,30,71
12/1/2016,12,1,69
12/2/2016,12,2,55
12/3/2016,12,3,56
12/4/2016,12,4,64
12/5/2016,12,5,71
12/6/2016,12,6,75
12/7/2016,12,7,62
12/8/2016,12,8,58
12/9/2016,12,9,53
12/10/2016,12,10,49
12/11/2016,12,11,58
12/12/2016,12,12,68
12/13/2016,12,13,69
12/14/2016,12,14,69
12/15/2016,12,15,68
12/16/2016,12,16,56
12/17/2016,12,17,65
12/18/2016,12,18,71
12/19/2016,12,19,73
12/20/2016,12,20,57
12/21/2016,12,21,53
12/22/2016,12,22,54
12/23/2016,12,23,60
12/24/2016,12,24,64
12/25/2016,12,25,66
12/26/2016,12,26,71
12/27/2016,12,27,69
12/28/2016,12,28,67
12/29/2016,12,29,67
12/30/2016,12,30,50
12/31/2016,12,31,47
1/1/2017,1,1,62
1/2/2017,1,2,69
1/3/2017,1,3,72
1/4/2017,1,4,68
1/5/2017,1,5,60
1/6/2017,1,6,59
1/7/2017,1,7,55
1/8/2017,1,8,37
1/9/2017,1,9,41
1/10/2017,1,10,51
1/11/2017,1,11,58
1/12/2017,1,12,62
1/13/2017,1,13,65
1/14/2017,1,14,64
1/15/2017,1,15,64
1/16/2017,1,16,65
1/17/2017,1,17,63
1/18/2017,1,18,64
1/19/2017,1,19,67
1/20/2017,1,20,73
1/21/2017,1,21,78
1/22/2017,1,22,82
1/23/2017,1,23,66
1/24/2017,1,24,60
1/25/2017,1,25,57
1/26/2017,1,26,67
1/27/2017,1,27,56
1/28/2017,1,28,47
1/29/2017,1,29,51
1/30/2017,1,30,51
1/31/2017,1,31,51
2/1/2017,2,1,60
2/2/2017,2,2,56
2/3/2017,2,3,60
2/4/2017,2,4,59
2/5/2017,2,5,56
2/6/2017,2,6,59
2/7/2017,2,7,64
2/8/2017,2,8,72
2/9/2017,2,9,72
2/10/2017,2,10,53
2/11/2017,2,11,58
2/12/2017,2,12,62
2/13/2017,2,13,69
2/14/2017,2,14,63
2/15/2017,2,15,69
2/16/2017,2,16,57
2/17/2017,2,17,53
2/18/2017,2,18,57
2/19/2017,2,19,67
2/20/2017,2,20,64
2/21/2017,2,21,65
2/22/2017,2,22,66
2/23/2017,2,23,68
2/24/2017,2,24,69
2/25/2017,2,25,69
2/26/2017,2,26,62
2/27/2017,2,27,62
2/28/2017,2,28,71
3/1/2017,3,1,72
3/2/2017,3,2,66
3/3/2017,3,3,58
3/4/2017,3,4,54
3/5/2017,3,5,60
3/6/2017,3,6,62
3/7/2017,3,7,64
3/8/2017,3,8,70
3/9/2017,3,9,68
3/10/2017,3,10,66
3/11/2017,3,11,63
3/12/2017,3,12,62
3/13/2017,3,13,58
3/14/2017,3,14,54
3/15/2017,3,15,47
3/16/2017,3,16,43
3/17/2017,3,17,50
3/18/2017,3,18,58
3/19/2017,3,19,65
3/20/2017,3,20,57
3/21/2017,3,21,63
3/22/2017,3,22,72
3/23/2017,3,23,67
3/24/2017,3,24,64
3/25/2017,3,25,67
3/26/2017,3,26,69
3/27/2017,3,27,70
3/28/2017,3,28,71
3/29/2017,3,29,70
3/30/2017,3,30,71
3/31/2017,3,31,73
4/1/2017,4,1,72
4/2/2017,4,2,71
4/3/2017,4,3,78
4/4/2017,4,4,70
4/5/2017,4,5,74
4/6/2017,4,6,73
4/7/2017,4,7,60
4/8/2017,4,8,58
4/9/2017,4,9,60
4/10/2017,4,10,66
4/11/2017,4,11,66
4/12/2017,4,12,68
4/13/2017,4,13,67
4/14/2017,4,14,68
4/15/2017,4,15,70
4/16/2017,4,16,69
4/17/2017,4,17,70
4/18/2017,4,18,72
4/19/2017,4,19,72
4/20/2017,4,20,71
4/21/2017,4,21,71
4/22/2017,4,22,74
4/23/2017,4,23,76
4/24/2017,4,24,70
4/25/2017,4,25,66
4/26/2017,4,26,67
4/27/2017,4,27,74
4/28/2017,4,28,78
4/29/2017,4,29,81
4/30/2017,4,30,80
5/1/2017,5,1,80
5/2/2017,5,2,77
5/3/2017,5,3,73
5/4/2017,5,4,74
5/5/2017,5,5,69
5/6/2017,5,6,65
5/7/2017,5,7,69
5/8/2017,5,8,72
5/9/2017,5,9,72
5/10/2017,5,10,76
5/11/2017,5,11,78
5/12/2017,5,12,76
5/13/2017,5,13,72
5/14/2017,5,14,73
5/15/2017,5,15,75
5/16/2017,5,16,77
5/17/2017,5,17,79
5/18/2017,5,18,80
5/19/2017,5,19,76
5/20/2017,5,20,82
5/21/2017,5,21,79
5/22/2017,5,22,76
5/23/2017,5,23,77
5/24/2017,5,24,73
5/25/2017,5,25,72
5/26/2017,5,26,72
5/27/2017,5,27,75
5/28/2017,5,28,79
5/29/2017,5,29,83
5/30/2017,5,30,80
5/31/2017,5,31,78
6/1/2017,6,1,79
6/2/2017,6,2,75
6/3/2017,6,3,76
6/4/2017,6,4,77
6/5/2017,6,5,78
6/6/2017,6,6,73
6/7/2017,6,7,73
6/8/2017,6,8,70
6/9/2017,6,9,73
6/10/2017,6,10,76
6/11/2017,6,11,77
6/12/2017,6,12,75
6/13/2017,6,13,76
6/14/2017,6,14,76
6/15/2017,6,15,78
6/16/2017,6,16,75
6/17/2017,6,17,78
6/18/2017,6,18,78
6/19/2017,6,19,76
6/20/2017,6,20,78
6/21/2017,6,21,79
6/22/2017,6,22,80
6/23/2017,6,23,81
6/24/2017,6,24,81
6/25/2017,6,25,81
6/26/2017,6,26,81
6/27/2017,6,27,77
6/28/2017,6,28,77
6/29/2017,6,29,80
6/30/2017,6,30,79
7/1/2017,7,1,81
7/2/2017,7,2,82
7/3/2017,7,3,81
7/4/2017,7,4,83
7/5/2017,7,5,81
7/6/2017,7,6,80
7/7/2017,7,7,80
7/8/2017,7,8,78
7/9/2017,7,9,79
7/10/2017,7,10,78
7/11/2017,7,11,77
7/12/2017,7,12,79
7/13/2017,7,13,79
7/14/2017,7,14,82
7/15/2017,7,15,81
7/16/2017,7,16,80
7/17/2017,7,17,77
7/18/2017,7,18,80
7/19/2017,7,19,79
7/20/2017,7,20,79
7/21/2017,7,21,78
7/22/2017,7,22,77
7/23/2017,7,23,77
7/24/2017,7,24,80
7/25/2017,7,25,81
7/26/2017,7,26,82
7/27/2017,7,27,80
7/28/2017,7,28,81
7/29/2017,7,29,81
7/30/2017,7,30,77
7/31/2017,7,31,78
8/1/2017,8,1,78
8/2/2017,8,2,77
8/3/2017,8,3,76
8/4/2017,8,4,77
8/5/2017,8,5,80
8/6/2017,8,6,81
8/7/2017,8,7,83
8/8/2017,8,8,80
8/9/2017,8,9,78
8/10/2017,8,10,81
8/11/2017,8,11,82
8/12/2017,8,12,82
8/13/2017,8,13,80
8/14/2017,8,14,81
8/15/2017,8,15,80
8/16/2017,8,16,82
8/17/2017,8,17,82
8/18/2017,8,18,78
8/19/2017,8,19,80
8/20/2017,8,20,81
8/21/2017,8,21,80
8/22/2017,8,22,81
8/23/2017,8,23,82
8/24/2017,8,24,82
8/25/2017,8,25,80
8/26/2017,8,26,80
8/27/2017,8,27,80
8/28/2017,8,28,77
8/29/2017,8,29,77
8/30/2017,8,30,80
8/31/2017,8,31,80
9/1/2017,9,1,79
9/2/2017,9,2,75
9/3/2017,9,3,77
9/4/2017,9,4,79
9/5/2017,9,5,79
9/6/2017,9,6,76
9/7/2017,9,7,76
9/8/2017,9,8,78
9/9/2017,9,9,76
9/10/2017,9,10,73
9/11/2017,9,11,73
9/12/2017,9,12,75
9/13/2017,9,13,74
9/14/2017,9,14,77
9/15/2017,9,15,81
9/16/2017,9,16,78
9/17/2017,9,17,78
9/18/2017,9,18,77
9/19/2017,9,19,76
9/20/2017,9,20,82
9/21/2017,9,21,82
9/22/2017,9,22,80
9/23/2017,9,23,79
9/24/2017,9,24,82
9/25/2017,9,25,79
9/26/2017,9,26,78
9/27/2017,9,27,78
9/28/2017,9,28,78
9/29/2017,9,29,79
9/30/2017,9,30,76
10/1/2017,10,1,73
10/2/2017,10,2,75
10/3/2017,10,3,75
10/4/2017,10,4,75
10/5/2017,10,5,75
10/6/2017,10,6,77
10/7/2017,10,7,81
10/8/2017,10,8,79
10/9/2017,10,9,79
10/10/2017,10,10,79
10/11/2017,10,11,78
10/12/2017,10,12,76
10/13/2017,10,13,75
10/14/2017,10,14,77
10/15/2017,10,15,77
10/16/2017,10,16,77
10/17/2017,10,17,71
10/18/2017,10,18,67
10/19/2017,10,19,71
10/20/2017,10,20,74
10/21/2017,10,21,72
10/22/2017,10,22,76
10/23/2017,10,23,76
10/24/2017,10,24,69
10/25/2017,10,25,60
10/26/2017,10,26,55
10/27/2017,10,27,58
10/28/2017,10,28,63
10/29/2017,10,29,60
10/30/2017,10,30,50
10/31/2017,10,31,53
11/1/2017,11,1,60
11/2/2017,11,2,66
11/3/2017,11,3,66
11/4/2017,11,4,66
11/5/2017,11,5,65
11/6/2017,11,6,70
11/7/2017,11,7,68
11/8/2017,11,8,68
11/9/2017,11,9,69
11/10/2017,11,10,59
11/11/2017,11,11,61
11/12/2017,11,12,69
11/13/2017,11,13,67
11/14/2017,11,14,61
11/15/2017,11,15,56
11/16/2017,11,16,56
11/17/2017,11,17,56
11/18/2017,11,18,61
11/19/2017,11,19,64
11/20/2017,11,20,54
11/21/2017,11,21,62
11/22/2017,11,22,65
11/23/2017,11,23,62
11/24/2017,11,24,60
11/25/2017,11,25,58
11/26/2017,11,26,59
11/27/2017,11,27,58
11/28/2017,11,28,62
11/29/2017,11,29,67
11/30/2017,11,30,63
12/1/2017,12,1,62
12/2/2017,12,2,66
12/3/2017,12,3,62
12/4/2017,12,4,62
12/5/2017,12,5,65
12/6/2017,12,6,67
12/7/2017,12,7,53
12/8/2017,12,8,51
12/9/2017,12,9,47
12/10/2017,12,10,40
12/11/2017,12,11,42
12/12/2017,12,12,50
12/13/2017,12,13,47
12/14/2017,12,14,51
12/15/2017,12,15,60
12/16/2017,12,16,55
12/17/2017,12,17,57
12/18/2017,12,18,65
12/19/2017,12,19,71
12/20/2017,12,20,66
12/21/2017,12,21,71
12/22/2017,12,22,65
12/23/2017,12,23,65
12/24/2017,12,24,70
12/25/2017,12,25,59
12/26/2017,12,26,51
12/27/2017,12,27,54
12/28/2017,12,28,52
12/29/2017,12,29,45
12/30/2017,12,30,47
12/31/2017,12,31,49
1/1/2018,1,1,43
1/2/2018,1,2,35
1/3/2018,1,3,35
1/4/2018,1,4,34
1/5/2018,1,5,35
1/6/2018,1,6,38
1/7/2018,1,7,43
1/8/2018,1,8,50
1/9/2018,1,9,62
1/10/2018,1,10,65
1/11/2018,1,11,67
1/12/2018,1,12,64
1/13/2018,1,13,51
1/14/2018,1,14,40
1/15/2018,1,15,43
1/16/2018,1,16,47
1/17/2018,1,17,44
1/18/2018,1,18,34
1/19/2018,1,19,39
1/20/2018,1,20,44
1/21/2018,1,21,56
1/22/2018,1,22,61
1/23/2018,1,23,67
1/24/2018,1,24,52
1/25/2018,1,25,52
1/26/2018,1,26,53
1/27/2018,1,27,62
1/28/2018,1,28,64
1/29/2018,1,29,63
1/30/2018,1,30,50
1/31/2018,1,31,45
2/1/2018,2,1,53
2/2/2018,2,2,56
2/3/2018,2,3,50
2/4/2018,2,4,58
2/5/2018,2,5,62
2/6/2018,2,6,57
2/7/2018,2,7,66
2/8/2018,2,8,65
2/9/2018,2,9,63
2/10/2018,2,10,69
2/11/2018,2,11,71
2/12/2018,2,12,69
2/13/2018,2,13,65
2/14/2018,2,14,58
2/15/2018,2,15,64
2/16/2018,2,16,68
2/17/2018,2,17,69
2/18/2018,2,18,70
2/19/2018,2,19,71
2/20/2018,2,20,72
2/21/2018,2,21,75
2/22/2018,2,22,72
2/23/2018,2,23,70
2/24/2018,2,24,71
2/25/2018,2,25,73
2/26/2018,2,26,71
2/27/2018,2,27,66
2/28/2018,2,28,65
3/1/2018,3,1,72
3/2/2018,3,2,68
3/3/2018,3,3,58
3/4/2018,3,4,52
3/5/2018,3,5,52
3/6/2018,3,6,57
3/7/2018,3,7,63
3/8/2018,3,8,50
3/9/2018,3,9,53
3/10/2018,3,10,53
3/11/2018,3,11,62
3/12/2018,3,12,64
3/13/2018,3,13,49
3/14/2018,3,14,56
3/15/2018,3,15,50
3/16/2018,3,16,56
3/17/2018,3,17,64
3/18/2018,3,18,69
3/19/2018,3,19,68
3/20/2018,3,20,71
3/21/2018,3,21,60
3/22/2018,3,22,53
3/23/2018,3,23,53
3/24/2018,3,24,60
3/25/2018,3,25,68
3/26/2018,3,26,61
3/27/2018,3,27,67
3/28/2018,3,28,66
3/29/2018,3,29,70
3/30/2018,3,30,68
3/31/2018,3,31,65
4/1/2018,4,1,67
4/2/2018,4,2,70
4/3/2018,4,3,71
4/4/2018,4,4,71
4/5/2018,4,5,64
4/6/2018,4,6,67
4/7/2018,4,7,70
4/8/2018,4,8,65
4/9/2018,4,9,66
4/10/2018,4,10,64
4/11/2018,4,11,62
4/12/2018,4,12,64
4/13/2018,4,13,70
4/14/2018,4,14,74
4/15/2018,4,15,72
4/16/2018,4,16,59
4/17/2018,4,17,60
4/18/2018,4,18,69
4/19/2018,4,19,70
4/20/2018,4,20,67
4/21/2018,4,21,70
4/22/2018,4,22,73
4/23/2018,4,23,75
4/24/2018,4,24,71
4/25/2018,4,25,69
4/26/2018,4,26,70
4/27/2018,4,27,72
4/28/2018,4,28,70
4/29/2018,4,29,73
4/30/2018,4,30,71
5/1/2018,5,1,69
5/2/2018,5,2,70
5/3/2018,5,3,70
5/4/2018,5,4,73
5/5/2018,5,5,72
5/6/2018,5,6,77
5/7/2018,5,7,76
5/8/2018,5,8,73
5/9/2018,5,9,73
5/10/2018,5,10,75
5/11/2018,5,11,80
5/12/2018,5,12,79
5/13/2018,5,13,74
5/14/2018,5,14,73
5/15/2018,5,15,74
5/16/2018,5,16,74
5/17/2018,5,17,75
5/18/2018,5,18,76
5/19/2018,5,19,76
5/20/2018,5,20,73
5/21/2018,5,21,74
5/22/2018,5,22,76
5/23/2018,5,23,77
5/24/2018,5,24,80
5/25/2018,5,25,80
5/26/2018,5,26,78
5/27/2018,5,27,76
5/28/2018,5,28,79
5/29/2018,5,29,79
5/30/2018,5,30,75
5/31/2018,5,31,78
6/1/2018,6,1,81
6/2/2018,6,2,82
6/3/2018,6,3,81
6/4/2018,6,4,83
6/5/2018,6,5,82
6/6/2018,6,6,75
6/7/2018,6,7,78
6/8/2018,6,8,76
6/9/2018,6,9,77
6/10/2018,6,10,78
6/11/2018,6,11,78
6/12/2018,6,12,77
6/13/2018,6,13,80
6/14/2018,6,14,81
6/15/2018,6,15,81
6/16/2018,6,16,80
6/17/2018,6,17,80
6/18/2018,6,18,81
6/19/2018,6,19,81
6/20/2018,6,20,81
6/21/2018,6,21,82
6/22/2018,6,22,85
6/23/2018,6,23,85
6/24/2018,6,24,85
6/25/2018,6,25,83
6/26/2018,6,26,82
6/27/2018,6,27,81
6/28/2018,6,28,82
6/29/2018,6,29,80
6/30/2018,6,30,80
7/1/2018,7,1,81
7/2/2018,7,2,82
7/3/2018,7,3,81
7/4/2018,7,4,80
7/5/2018,7,5,79
7/6/2018,7,6,80
7/7/2018,7,7,80
7/8/2018,7,8,80
7/9/2018,7,9,81
7/10/2018,7,10,83
7/11/2018,7,11,84
7/12/2018,7,12,83
7/13/2018,7,13,83
7/14/2018,7,14,83
7/15/2018,7,15,80
7/16/2018,7,16,81
7/17/2018,7,17,80
7/18/2018,7,18,81
7/19/2018,7,19,80
7/20/2018,7,20,80
7/21/2018,7,21,80
7/22/2018,7,22,78
7/23/2018,7,23,79
7/24/2018,7,24,78
7/25/2018,7,25,82
7/26/2018,7,26,82
7/27/2018,7,27,84
7/28/2018,7,28,83
7/29/2018,7,29,81
7/30/2018,7,30,79
7/31/2018,7,31,79
8/1/2018,8,1,81
8/2/2018,8,2,79
8/3/2018,8,3,80
8/4/2018,8,4,83
8/5/2018,8,5,83
8/6/2018,8,6,83
8/7/2018,8,7,83
8/8/2018,8,8,85
8/9/2018,8,9,81
8/10/2018,8,10,82
8/11/2018,8,11,82
8/12/2018,8,12,81
8/13/2018,8,13,80
8/14/2018,8,14,82
8/15/2018,8,15,80
8/16/2018,8,16,80
8/17/2018,8,17,80
8/18/2018,8,18,82
8/19/2018,8,19,83
8/20/2018,8,20,80
8/21/2018,8,21,80
8/22/2018,8,22,83
8/23/2018,8,23,84
8/24/2018,8,24,81
8/25/2018,8,25,82
8/26/2018,8,26,81
8/27/2018,8,27,83
8/28/2018,8,28,82
8/29/2018,8,29,77
8/30/2018,8,30,77
8/31/2018,8,31,81
9/1/2018,9,1,83
9/2/2018,9,2,81
9/3/2018,9,3,80
9/4/2018,9,4,81
9/5/2018,9,5,82
9/6/2018,9,6,82
9/7/2018,9,7,81
9/8/2018,9,8,79
9/9/2018,9,9,80
9/10/2018,9,10,80
9/11/2018,9,11,82
9/12/2018,9,12,83
9/13/2018,9,13,84
9/14/2018,9,14,84
9/15/2018,9,15,87
9/16/2018,9,16,86
9/17/2018,9,17,84
9/18/2018,9,18,83
9/19/2018,9,19,84
9/20/2018,9,20,83
9/21/2018,9,21,82
9/22/2018,9,22,80
9/23/2018,9,23,81
9/24/2018,9,24,80
9/25/2018,9,25,82
9/26/2018,9,26,81
9/27/2018,9,27,80
9/28/2018,9,28,81
9/29/2018,9,29,79
9/30/2018,9,30,80
10/1/2018,10,1,78
10/2/2018,10,2,78
10/3/2018,10,3,78
10/4/2018,10,4,77
10/5/2018,10,5,77
10/6/2018,10,6,76
10/7/2018,10,7,77
10/8/2018,10,8,78
10/9/2018,10,9,79
10/10/2018,10,10,81
10/11/2018,10,11,83
10/12/2018,10,12,76
10/13/2018,10,13,69
10/14/2018,10,14,72
10/15/2018,10,15,78
10/16/2018,10,16,81
10/17/2018,10,17,81
10/18/2018,10,18,80
10/19/2018,10,19,77
10/20/2018,10,20,79
10/21/2018,10,21,71
10/22/2018,10,22,65
10/23/2018,10,23,69
10/24/2018,10,24,71
10/25/2018,10,25,68
10/26/2018,10,26,73
10/27/2018,10,27,64
10/28/2018,10,28,60
10/29/2018,10,29,66
10/30/2018,10,30,65
10/31/2018,10,31,66
11/1/2018,11,1,70
11/2/2018,11,2,72
11/3/2018,11,3,60
11/4/2018,11,4,64
11/5/2018,11,5,75
11/6/2018,11,6,76
11/7/2018,11,7,74
11/8/2018,11,8,75
11/9/2018,11,9,75
11/10/2018,11,10,70
11/11/2018,11,11,63
11/12/2018,11,12,71
11/13/2018,11,13,76
11/14/2018,11,14,68
11/15/2018,11,15,60
11/16/2018,11,16,47
11/17/2018,11,17,52
11/18/2018,11,18,62
11/19/2018,11,19,65
11/20/2018,11,20,65
11/21/2018,11,21,58
11/22/2018,11,22,55
11/23/2018,11,23,65
11/24/2018,11,24,69
11/25/2018,11,25,66
11/26/2018,11,26,66
11/27/2018,11,27,49
11/28/2018,11,28,42
11/29/2018,11,29,47
11/30/2018,11,30,54
12/1/2018,12,1,64
12/2/2018,12,2,73
12/3/2018,12,3,74
12/4/2018,12,4,63
12/5/2018,12,5,49
12/6/2018,12,6,46
12/7/2018,12,7,50
12/8/2018,12,8,59
12/9/2018,12,9,65
12/10/2018,12,10,50
12/11/2018,12,11,48
12/12/2018,12,12,45
12/13/2018,12,13,56
12/14/2018,12,14,64
12/15/2018,12,15,64
12/16/2018,12,16,60
12/17/2018,12,17,53
12/18/2018,12,18,53
12/19/2018,12,19,54
12/20/2018,12,20,62
12/21/2018,12,21,58
12/22/2018,12,22,50
12/23/2018,12,23,47
12/24/2018,12,24,53
12/25/2018,12,25,56
12/26/2018,12,26,57
12/27/2018,12,27,63
12/28/2018,12,28,73
12/29/2018,12,29,70
12/30/2018,12,30,68
12/31/2018,12,31,71
1/1/2019,1,1,68
1/2/2019,1,2,68
1/3/2019,1,3,69
1/4/2019,1,4,69
1/5/2019,1,5,56
1/6/2019,1,6,53
1/7/2019,1,7,56
1/8/2019,1,8,60
1/9/2019,1,9,59
1/10/2019,1,10,47
1/11/2019,1,11,47
1/12/2019,1,12,59
1/13/2019,1,13,64
1/14/2019,1,14,55
1/15/2019,1,15,49
1/16/2019,1,16,46
1/17/2019,1,17,49
1/18/2019,1,18,59
1/19/2019,1,19,63
1/20/2019,1,20,58
1/21/2019,1,21,44
1/22/2019,1,22,54
1/23/2019,1,23,66
1/24/2019,1,24,68
1/25/2019,1,25,49
1/26/2019,1,26,51
1/27/2019,1,27,48
1/28/2019,1,28,50
1/29/2019,1,29,49
1/30/2019,1,30,48
1/31/2019,1,31,46
2/1/2019,2,1,58
2/2/2019,2,2,65
2/3/2019,2,3,63
2/4/2019,2,4,64
2/5/2019,2,5,63
2/6/2019,2,6,66
2/7/2019,2,7,68
2/8/2019,2,8,69
2/9/2019,2,9,64
2/10/2019,2,10,65
2/11/2019,2,11,71
2/12/2019,2,12,71
2/13/2019,2,13,60
2/14/2019,2,14,54
2/15/2019,2,15,62
2/16/2019,2,16,67
2/17/2019,2,17,74
2/18/2019,2,18,77
2/19/2019,2,19,70
2/20/2019,2,20,70
2/21/2019,2,21,76
2/22/2019,2,22,74
2/23/2019,2,23,78
2/24/2019,2,24,76
2/25/2019,2,25,62
2/26/2019,2,26,62
2/27/2019,2,27,68
2/28/2019,2,28,69
3/1/2019,3,1,69
3/2/2019,3,2,69
3/3/2019,3,3,73
3/4/2019,3,4,70
3/5/2019,3,5,53
3/6/2019,3,6,49
3/7/2019,3,7,51
3/8/2019,3,8,62
3/9/2019,3,9,67
3/10/2019,3,10,75
3/11/2019,3,11,74
3/12/2019,3,12,72
3/13/2019,3,13,69
3/14/2019,3,14,72
3/15/2019,3,15,74
3/16/2019,3,16,69
3/17/2019,3,17,60
3/18/2019,3,18,62
3/19/2019,3,19,61
3/20/2019,3,20,62
3/21/2019,3,21,61
3/22/2019,3,22,61
3/23/2019,3,23,63
3/24/2019,3,24,65
3/25/2019,3,25,69
3/26/2019,3,26,70
3/27/2019,3,27,64
3/28/2019,3,28,64
3/29/2019,3,29,65
3/30/2019,3,30,69
3/31/2019,3,31,70
4/1/2019,4,1,60
4/2/2019,4,2,61
4/3/2019,4,3,61
4/4/2019,4,4,67
4/5/2019,4,5,72
4/6/2019,4,6,74
4/7/2019,4,7,76
4/8/2019,4,8,76
4/9/2019,4,9,75
4/10/2019,4,10,73
4/11/2019,4,11,73
4/12/2019,4,12,78
4/13/2019,4,13,78
4/14/2019,4,14,79
4/15/2019,4,15,70
4/16/2019,4,16,65
4/17/2019,4,17,71
4/18/2019,4,18,75
4/19/2019,4,19,74
4/20/2019,4,20,63
4/21/2019,4,21,64
4/22/2019,4,22,67
4/23/2019,4,23,70
4/24/2019,4,24,73
4/25/2019,4,25,74
4/26/2019,4,26,75
4/27/2019,4,27,70
4/28/2019,4,28,72
4/29/2019,4,29,75
4/30/2019,4,30,76
5/1/2019,5,1,78
5/2/2019,5,2,77
5/3/2019,5,3,77
5/4/2019,5,4,80
5/5/2019,5,5,77
5/6/2019,5,6,79
5/7/2019,5,7,79
5/8/2019,5,8,78
5/9/2019,5,9,78
5/10/2019,5,10,80
5/11/2019,5,11,80
5/12/2019,5,12,81
5/13/2019,5,13,80
5/14/2019,5,14,77
5/15/2019,5,15,74
5/16/2019,5,16,76
5/17/2019,5,17,79
5/18/2019,5,18,80
5/19/2019,5,19,77
5/20/2019,5,20,81
5/21/2019,5,21,84
5/22/2019,5,22,84
5/23/2019,5,23,81
5/24/2019,5,24,80
5/25/2019,5,25,83
5/26/2019,5,26,85
5/27/2019,5,27,88
5/28/2019,5,28,89
5/29/2019,5,29,84
5/30/2019,5,30,84
5/31/2019,5,31,83
6/1/2019,6,1,86
6/2/2019,6,2,86
6/3/2019,6,3,87
6/4/2019,6,4,86
6/5/2019,6,5,83
6/6/2019,6,6,83
6/7/2019,6,7,81
6/8/2019,6,8,81
6/9/2019,6,9,77
6/10/2019,6,10,80
6/11/2019,6,11,82
6/12/2019,6,12,80
6/13/2019,6,13,77
6/14/2019,6,14,81
6/15/2019,6,15,80
6/16/2019,6,16,83
6/17/2019,6,17,80
6/18/2019,6,18,80
6/19/2019,6,19,81
6/20/2019,6,20,83
6/21/2019,6,21,84
6/22/2019,6,22,83
6/23/2019,6,23,84
6/24/2019,6,24,83
6/25/2019,6,25,84
6/26/2019,6,26,84
6/27/2019,6,27,81
6/28/2019,6,28,80
6/29/2019,6,29,79
6/30/2019,6,30,79
7/1/2019,7,1,82
7/2/2019,7,2,83
7/3/2019,7,3,82
7/4/2019,7,4,80
7/5/2019,7,5,76
7/6/2019,7,6,77
7/7/2019,7,7,79
7/8/2019,7,8,81
7/9/2019,7,9,80
7/10/2019,7,10,81
7/11/2019,7,11,80
7/12/2019,7,12,78
7/13/2019,7,13,80
7/14/2019,7,14,83
7/15/2019,7,15,82
7/16/2019,7,16,82
7/17/2019,7,17,78
7/18/2019,7,18,79
7/19/2019,7,19,79
7/20/2019,7,20,78
7/21/2019,7,21,78
7/22/2019,7,22,77
7/23/2019,7,23,79
7/24/2019,7,24,76
7/25/2019,7,25,74
7/26/2019,7,26,74
7/27/2019,7,27,77
7/28/2019,7,28,78
7/29/2019,7,29,78
7/30/2019,7,30,80
7/31/2019,7,31,81
8/1/2019,8,1,78
8/2/2019,8,2,78
8/3/2019,8,3,79
8/4/2019,8,4,82
8/5/2019,8,5,81
8/6/2019,8,6,80
8/7/2019,8,7,79
8/8/2019,8,8,81
8/9/2019,8,9,82
8/10/2019,8,10,84
8/11/2019,8,11,85
8/12/2019,8,12,81
8/13/2019,8,13,80
8/14/2019,8,14,82
8/15/2019,8,15,78
8/16/2019,8,16,76
8/17/2019,8,17,74
8/18/2019,8,18,75
8/19/2019,8,19,77
8/20/2019,8,20,78
8/21/2019,8,21,79
8/22/2019,8,22,81
8/23/2019,8,23,81
8/24/2019,8,24,82
8/25/2019,8,25,80
8/26/2019,8,26,80
8/27/2019,8,27,77
8/28/2019,8,28,80
8/29/2019,8,29,82
8/30/2019,8,30,78
8/31/2019,8,31,81
9/1/2019,9,1,80
9/2/2019,9,2,80
9/3/2019,9,3,80
9/4/2019,9,4,80
9/5/2019,9,5,83
9/6/2019,9,6,83
9/7/2019,9,7,81
9/8/2019,9,8,81
9/9/2019,9,9,81
9/10/2019,9,10,81
9/11/2019,9,11,80
9/12/2019,9,12,80
9/13/2019,9,13,80
9/14/2019,9,14,80
9/15/2019,9,15,80
9/16/2019,9,16,81
9/17/2019,9,17,81
9/18/2019,9,18,77
9/19/2019,9,19,77
9/20/2019,9,20,76
9/21/2019,9,21,76
9/22/2019,9,22,76
9/23/2019,9,23,75
9/24/2019,9,24,75
9/25/2019,9,25,79
9/26/2019,9,26,81
9/27/2019,9,27,81
9/28/2019,9,28,77
9/29/2019,9,29,77
9/30/2019,9,30,80
10/1/2019,10,1,79
10/2/2019,10,2,78
10/3/2019,10,3,75
10/4/2019,10,4,75
10/5/2019,10,5,77
10/6/2019,10,6,78
10/7/2019,10,7,74
10/8/2019,10,8,76
10/9/2019,10,9,75
10/10/2019,10,10,74
10/11/2019,10,11,73
10/12/2019,10,12,71
10/13/2019,10,13,74
10/14/2019,10,14,75
10/15/2019,10,15,77
10/16/2019,10,16,78
10/17/2019,10,17,69
10/18/2019,10,18,64
10/19/2019,10,19,73
10/20/2019,10,20,76
10/21/2019,10,21,71
10/22/2019,10,22,78
10/23/2019,10,23,68
10/24/2019,10,24,71
10/25/2019,10,25,77
10/26/2019,10,26,78
10/27/2019,10,27,76
10/28/2019,10,28,76
10/29/2019,10,29,79
10/30/2019,10,30,78
10/31/2019,10,31,79
11/1/2019,11,1,64
11/2/2019,11,2,62
11/3/2019,11,3,61
11/4/2019,11,4,67
11/5/2019,11,5,73
11/6/2019,11,6,72
11/7/2019,11,7,74
11/8/2019,11,8,67
11/9/2019,11,9,59
11/10/2019,11,10,57
11/11/2019,11,11,61
11/12/2019,11,12,65
11/13/2019,11,13,51
11/14/2019,11,14,54
11/15/2019,11,15,56
11/16/2019,11,16,52
11/17/2019,11,17,50
11/18/2019,11,18,56
11/19/2019,11,19,54
11/20/2019,11,20,55
11/21/2019,11,21,56
11/22/2019,11,22,61
11/23/2019,11,23,62
11/24/2019,11,24,61
11/25/2019,11,25,51
11/26/2019,11,26,52
11/27/2019,11,27,59
11/28/2019,11,28,67
11/29/2019,11,29,60
11/30/2019,11,30,61
12/1/2019,12,1,70
12/2/2019,12,2,60
12/3/2019,12,3,43
12/4/2019,12,4,48
12/5/2019,12,5,51
12/6/2019,12,6,53
12/7/2019,12,7,55
12/8/2019,12,8,63
12/9/2019,12,9,68
12/10/2019,12,10,67
12/11/2019,12,11,65
12/12/2019,12,12,62
12/13/2019,12,13,65
12/14/2019,12,14,65
12/15/2019,12,15,55
12/16/2019,12,16,61
12/17/2019,12,17,69
12/18/2019,12,18,54
12/19/2019,12,19,46
12/20/2019,12,20,54
12/21/2019,12,21,61
12/22/2019,12,22,64
12/23/2019,12,23,63
12/24/2019,12,24,58
12/25/2019,12,25,62
12/26/2019,12,26,63
12/27/2019,12,27,68
12/28/2019,12,28,70
12/29/2019,12,29,72
12/30/2019,12,30,72
12/31/2019,12,31,56
1/1/2020,1,1,51
1/2/2020,1,2,58
1/3/2020,1,3,71
1/4/2020,1,4,70
1/5/2020,1,5,51
1/6/2020,1,6,48
1/7/2020,1,7,51
1/8/2020,1,8,51
1/9/2020,1,9,51
1/10/2020,1,10,65
1/11/2020,1,11,71
1/12/2020,1,12,73
1/13/2020,1,13,73
1/14/2020,1,14,68
1/15/2020,1,15,69
1/16/2020,1,16,67
1/17/2020,1,17,64
1/18/2020,1,18,60
1/19/2020,1,19,66
1/20/2020,1,20,48
1/21/2020,1,21,40
1/22/2020,1,22,41
1/23/2020,1,23,55
1/24/2020,1,24,61
1/25/2020,1,25,58
1/26/2020,1,26,51
1/27/2020,1,27,57
1/28/2020,1,28,55
1/29/2020,1,29,47
1/30/2020,1,30,55
1/31/2020,1,31,58
2/1/2020,2,1,56
2/2/2020,2,2,52
2/3/2020,2,3,55
2/4/2020,2,4,56
2/5/2020,2,5,64
2/6/2020,2,6,73
2/7/2020,2,7,60
2/8/2020,2,8,49
2/9/2020,2,9,54
2/10/2020,2,10,62
2/11/2020,2,11,70
2/12/2020,2,12,72
2/13/2020,2,13,71
2/14/2020,2,14,61
2/15/2020,2,15,55
2/16/2020,2,16,60
2/17/2020,2,17,62
2/18/2020,2,18,68
2/19/2020,2,19,70
2/20/2020,2,20,66
2/21/2020,2,21,47
2/22/2020,2,22,45
2/23/2020,2,23,53
2/24/2020,2,24,61
2/25/2020,2,25,65
2/26/2020,2,26,63
2/27/2020,2,27,51
2/28/2020,2,28,45
2/29/2020,2,29,51
3/1/2020,3,1,50
3/2/2020,3,2,59
3/3/2020,3,3,68
3/4/2020,3,4,72
3/5/2020,3,5,74
3/6/2020,3,6,64
3/7/2020,3,7,52
3/8/2020,3,8,52
3/9/2020,3,9,61
3/10/2020,3,10,66
3/11/2020,3,11,67
3/12/2020,3,12,65
3/13/2020,3,13,67
3/14/2020,3,14,69
3/15/2020,3,15,71
3/16/2020,3,16,72
3/17/2020,3,17,71
3/18/2020,3,18,73
3/19/2020,3,19,73
3/20/2020,3,20,73
3/21/2020,3,21,72
3/22/2020,3,22,72
3/23/2020,3,23,74
3/24/2020,3,24,71
3/25/2020,3,25,74
3/26/2020,3,26,74
3/27/2020,3,27,74
3/28/2020,3,28,74
3/29/2020,3,29,75
3/30/2020,3,30,74
3/31/2020,3,31,72
4/1/2020,4,1,61
4/2/2020,4,2,59
4/3/2020,4,3,61
4/4/2020,4,4,66
4/5/2020,4,5,65
4/6/2020,4,6,68
4/7/2020,4,7,70
4/8/2020,4,8,73
4/9/2020,4,9,79
4/10/2020,4,10,71
4/11/2020,4,11,63
4/12/2020,4,12,76
4/13/2020,4,13,80
4/14/2020,4,14,75
4/15/2020,4,15,70
4/16/2020,4,16,63
4/17/2020,4,17,65
4/18/2020,4,18,71
4/19/2020,4,19,76
4/20/2020,4,20,78
4/21/2020,4,21,71
4/22/2020,4,22,70
4/23/2020,4,23,73
4/24/2020,4,24,70
4/25/2020,4,25,74
4/26/2020,4,26,74
4/27/2020,4,27,64
4/28/2020,4,28,65
4/29/2020,4,29,72
4/30/2020,4,30,71
5/1/2020,5,1,66
5/2/2020,5,2,67
5/3/2020,5,3,71
5/4/2020,5,4,72
5/5/2020,5,5,72
5/6/2020,5,6,74
5/7/2020,5,7,64
5/8/2020,5,8,62
5/9/2020,5,9,70
5/10/2020,5,10,65
5/11/2020,5,11,69
5/12/2020,5,12,67
5/13/2020,5,13,69
5/14/2020,5,14,71
5/15/2020,5,15,72
5/16/2020,5,16,75
5/17/2020,5,17,76
5/18/2020,5,18,76
5/19/2020,5,19,77
5/20/2020,5,20,77
5/21/2020,5,21,78
5/22/2020,5,22,79
5/23/2020,5,23,79
5/24/2020,5,24,78
5/25/2020,5,25,75
5/26/2020,5,26,74
5/27/2020,5,27,77
5/28/2020,5,28,77
5/29/2020,5,29,75
5/30/2020,5,30,77
5/31/2020,5,31,80
6/1/2020,6,1,78
6/2/2020,6,2,76
6/3/2020,6,3,74
6/4/2020,6,4,73
6/5/2020,6,5,76
6/6/2020,6,6,75
6/7/2020,6,7,74
6/8/2020,6,8,78
6/9/2020,6,9,80
6/10/2020,6,10,78
6/11/2020,6,11,77
6/12/2020,6,12,79
6/13/2020,6,13,75
6/14/2020,6,14,77
6/15/2020,6,15,76
6/16/2020,6,16,74
6/17/2020,6,17,73
6/18/2020,6,18,76
6/19/2020,6,19,77
6/20/2020,6,20,77
6/21/2020,6,21,80
6/22/2020,6,22,79
6/23/2020,6,23,80
6/24/2020,6,24,83
6/25/2020,6,25,81
6/26/2020,6,26,83
6/27/2020,6,27,81
6/28/2020,6,28,81
6/29/2020,6,29,83
6/30/2020,6,30,81
7/1/2020,7,1,78
7/2/2020,7,2,78
7/3/2020,7,3,80
7/4/2020,7,4,76
7/5/2020,7,5,77
7/6/2020,7,6,77
7/7/2020,7,7,78
7/8/2020,7,8,81
7/9/2020,7,9,82
7/10/2020,7,10,84
7/11/2020,7,11,82
7/12/2020,7,12,83
7/13/2020,7,13,83
7/14/2020,7,14,84
7/15/2020,7,15,82
7/16/2020,7,16,79
7/17/2020,7,17,80
7/18/2020,7,18,80
7/19/2020,7,19,81
7/20/2020,7,20,81
7/21/2020,7,21,80
7/22/2020,7,22,78
7/23/2020,7,23,79
7/24/2020,7,24,81
7/25/2020,7,25,81
7/26/2020,7,26,80
7/27/2020,7,27,78
7/28/2020,7,28,79
7/29/2020,7,29,77
7/30/2020,7,30,80
7/31/2020,7,31,82
8/1/2020,8,1,83
8/2/2020,8,2,79
8/3/2020,8,3,82
8/4/2020,8,4,85
8/5/2020,8,5,81
8/6/2020,8,6,79
8/7/2020,8,7,77
8/8/2020,8,8,78
8/9/2020,8,9,82
8/10/2020,8,10,81
8/11/2020,8,11,78
8/12/2020,8,12,79
8/13/2020,8,13,81
8/14/2020,8,14,80
8/15/2020,8,15,79
8/16/2020,8,16,81
8/17/2020,8,17,79
8/18/2020,8,18,79
8/19/2020,8,19,76
8/20/2020,8,20,77
8/21/2020,8,21,74
8/22/2020,8,22,76
8/23/2020,8,23,78
8/24/2020,8,24,82
8/25/2020,8,25,84
8/26/2020,8,26,83
8/27/2020,8,27,81
8/28/2020,8,28,80
8/29/2020,8,29,80
8/30/2020,8,30,78
8/31/2020,8,31,77
9/1/2020,9,1,78
9/2/2020,9,2,81
9/3/2020,9,3,82
9/4/2020,9,4,83
9/5/2020,9,5,85
9/6/2020,9,6,81
9/7/2020,9,7,78
9/8/2020,9,8,77
9/9/2020,9,9,78
9/10/2020,9,10,78
9/11/2020,9,11,79
9/12/2020,9,12,79
9/13/2020,9,13,78
9/14/2020,9,14,77
9/15/2020,9,15,78
9/16/2020,9,16,79
9/17/2020,9,17,78
9/18/2020,9,18,79
9/19/2020,9,19,74
9/20/2020,9,20,71
9/21/2020,9,21,73
9/22/2020,9,22,72
9/23/2020,9,23,72
9/24/2020,9,24,76
9/25/2020,9,25,79
9/26/2020,9,26,79
9/27/2020,9,27,76
9/28/2020,9,28,76
9/29/2020,9,29,76
9/30/2020,9,30,66
10/1/2020,10,1,65
10/2/2020,10,2,67
10/3/2020,10,3,67
10/4/2020,10,4,66
10/5/2020,10,5,69
10/6/2020,10,6,77
10/7/2020,10,7,78
10/8/2020,10,8,78
10/9/2020,10,9,78
10/10/2020,10,10,77
10/11/2020,10,11,78
10/12/2020,10,12,75
10/13/2020,10,13,75
10/14/2020,10,14,76
10/15/2020,10,15,75
10/16/2020,10,16,75
10/17/2020,10,17,71
10/18/2020,10,18,71
10/19/2020,10,19,75
10/20/2020,10,20,75
10/21/2020,10,21,76
10/22/2020,10,22,74
10/23/2020,10,23,74
10/24/2020,10,24,73
10/25/2020,10,25,75
10/26/2020,10,26,75
10/27/2020,10,27,78
10/28/2020,10,28,78
10/29/2020,10,29,78
10/30/2020,10,30,65
10/31/2020,10,31,66
11/1/2020,11,1,69
11/2/2020,11,2,59
11/3/2020,11,3,54
11/4/2020,11,4,61
11/5/2020,11,5,68
11/6/2020,11,6,71
11/7/2020,11,7,73
11/8/2020,11,8,73
11/9/2020,11,9,74
11/10/2020,11,10,76
11/11/2020,11,11,76
11/12/2020,11,12,75
11/13/2020,11,13,69
11/14/2020,11,14,67
11/15/2020,11,15,70
11/16/2020,11,16,69
11/17/2020,11,17,58
11/18/2020,11,18,56
11/19/2020,11,19,55
11/20/2020,11,20,63
11/21/2020,11,21,68
11/22/2020,11,22,66
11/23/2020,11,23,67
11/24/2020,11,24,61
11/25/2020,11,25,66
11/26/2020,11,26,68
11/27/2020,11,27,67
11/28/2020,11,28,68
11/29/2020,11,29,66
11/30/2020,11,30,66
12/1/2020,12,1,43
12/2/2020,12,2,39
12/3/2020,12,3,48
12/4/2020,12,4,62
12/5/2020,12,5,58
12/6/2020,12,6,51
12/7/2020,12,7,55
12/8/2020,12,8,44
12/9/2020,12,9,44
12/10/2020,12,10,52
12/11/2020,12,11,53
12/12/2020,12,12,55
12/13/2020,12,13,63
12/14/2020,12,14,65
12/15/2020,12,15,60
12/16/2020,12,16,54
12/17/2020,12,17,56
12/18/2020,12,18,42
12/19/2020,12,19,49
12/20/2020,12,20,56
12/21/2020,12,21,62
12/22/2020,12,22,53
12/23/2020,12,23,52
12/24/2020,12,24,62
12/25/2020,12,25,43
12/26/2020,12,26,35
12/27/2020,12,27,41
12/28/2020,12,28,52
12/29/2020,12,29,54
12/30/2020,12,30,60
12/31/2020,12,31,67
1/1/2021,1,1,72
1/2/2021,1,2,71
1/3/2021,1,3,66
1/4/2021,1,4,50
1/5/2021,1,5,50
1/6/2021,1,6,49
1/7/2021,1,7,54
1/8/2021,1,8,54
1/9/2021,1,9,45
1/10/2021,1,10,43
1/11/2021,1,11,54
1/12/2021,1,12,58
1/13/2021,1,13,48
1/14/2021,1,14,47
1/15/2021,1,15,51
1/16/2021,1,16,49
1/17/2021,1,17,42
1/18/2021,1,18,48
1/19/2021,1,19,46
1/20/2021,1,20,49
1/21/2021,1,21,58
1/22/2021,1,22,65
1/23/2021,1,23,61
1/24/2021,1,24,59
1/25/2021,1,25,67
1/26/2021,1,26,67
1/27/2021,1,27,67
1/28/2021,1,28,56
1/29/2021,1,29,45
1/30/2021,1,30,48
1/31/2021,1,31,61
2/1/2021,2,1,56
2/2/2021,2,2,44
2/3/2021,2,3,43
2/4/2021,2,4,43
2/5/2021,2,5,53
2/6/2021,2,6,53
2/7/2021,2,7,62
2/8/2021,2,8,56
2/9/2021,2,9,65
2/10/2021,2,10,66
2/11/2021,2,11,69
2/12/2021,2,12,69
2/13/2021,2,13,65
2/14/2021,2,14,63
2/15/2021,2,15,64
2/16/2021,2,16,64
2/17/2021,2,17,52
2/18/2021,2,18,70
2/19/2021,2,19,65
2/20/2021,2,20,50
2/21/2021,2,21,54
2/22/2021,2,22,61
2/23/2021,2,23,65
2/24/2021,2,24,58
2/25/2021,2,25,60
2/26/2021,2,26,66
2/27/2021,2,27,70
2/28/2021,2,28,74
3/1/2021,3,1,73
3/2/2021,3,2,62
3/3/2021,3,3,57
3/4/2021,3,4,58
3/5/2021,3,5,58
3/6/2021,3,6,56
3/7/2021,3,7,53
3/8/2021,3,8,52
3/9/2021,3,9,55
3/10/2021,3,10,60
3/11/2021,3,11,62
3/12/2021,3,12,64
3/13/2021,3,13,66
3/14/2021,3,14,67
3/15/2021,3,15,69
3/16/2021,3,16,73
3/17/2021,3,17,73
3/18/2021,3,18,69
3/19/2021,3,19,61
3/20/2021,3,20,57
3/21/2021,3,21,52
3/22/2021,3,22,61
3/23/2021,3,23,65
3/24/2021,3,24,66
3/25/2021,3,25,71
3/26/2021,3,26,75
3/27/2021,3,27,76
3/28/2021,3,28,72
3/29/2021,3,29,70
3/30/2021,3,30,69
3/31/2021,3,31,74
4/1/2021,4,1,65
4/2/2021,4,2,52
4/3/2021,4,3,51
4/4/2021,4,4,57
4/5/2021,4,5,60
4/6/2021,4,6,63
4/7/2021,4,7,65
4/8/2021,4,8,66
4/9/2021,4,9,67
4/10/2021,4,10,71
4/11/2021,4,11,61
4/12/2021,4,12,70
4/13/2021,4,13,71
4/14/2021,4,14,72
4/15/2021,4,15,71
4/16/2021,4,16,68
4/17/2021,4,17,67
4/18/2021,4,18,69
4/19/2021,4,19,69
4/20/2021,4,20,67
4/21/2021,4,21,71
4/22/2021,4,22,63
4/23/2021,4,23,63
4/24/2021,4,24,72
4/25/2021,4,25,76
4/26/2021,4,26,69
4/27/2021,4,27,71
4/28/2021,4,28,72
4/29/2021,4,29,73
4/30/2021,4,30,73
5/1/2021,5,1,75
5/2/2021,5,2,73
5/3/2021,5,3,76
5/4/2021,5,4,79
5/5/2021,5,5,79
5/6/2021,5,6,75
5/7/2021,5,7,71
5/8/2021,5,8,65
5/9/2021,5,9,71
5/10/2021,5,10,76
5/11/2021,5,11,73
5/12/2021,5,12,77
5/13/2021,5,13,66
5/14/2021,5,14,67
5/15/2021,5,15,65
5/16/2021,5,16,67
5/17/2021,5,17,70
5/18/2021,5,18,73
5/19/2021,5,19,72
5/20/2021,5,20,74
5/21/2021,5,21,72
5/22/2021,5,22,73
5/23/2021,5,23,72
5/24/2021,5,24,75
5/25/2021,5,25,77
5/26/2021,5,26,78
5/27/2021,5,27,78
5/28/2021,5,28,80
5/29/2021,5,29,78
5/30/2021,5,30,77
5/31/2021,5,31,76
6/1/2021,6,1,75
6/2/2021,6,2,76
6/3/2021,6,3,78
6/4/2021,6,4,76
6/5/2021,6,5,78
6/6/2021,6,6,81
6/7/2021,6,7,78
6/8/2021,6,8,81
6/9/2021,6,9,80
6/10/2021,6,10,79
6/11/2021,6,11,81
6/12/2021,6,12,79
6/13/2021,6,13,78
6/14/2021,6,14,75
6/15/2021,6,15,76
6/16/2021,6,16,77
6/17/2021,6,17,79
6/18/2021,6,18,79
6/19/2021,6,19,81
6/20/2021,6,20,79
6/21/2021,6,21,77
6/22/2021,6,22,75
6/23/2021,6,23,78
6/24/2021,6,24,75
6/25/2021,6,25,75
6/26/2021,6,26,75
6/27/2021,6,27,80
6/28/2021,6,28,79
6/29/2021,6,29,77
6/30/2021,6,30,76
7/1/2021,7,1,77
7/2/2021,7,2,77
7/3/2021,7,3,77
7/4/2021,7,4,76
7/5/2021,7,5,78
7/6/2021,7,6,78
7/7/2021,7,7,76
7/8/2021,7,8,81
7/9/2021,7,9,81
7/10/2021,7,10,80
7/11/2021,7,11,79
7/12/2021,7,12,79
7/13/2021,7,13,78
7/14/2021,7,14,80
7/15/2021,7,15,81
7/16/2021,7,16,81
7/17/2021,7,17,82
7/18/2021,7,18,81
7/19/2021,7,19,79
7/20/2021,7,20,78
7/21/2021,7,21,78
7/22/2021,7,22,81
7/23/2021,7,23,82
7/24/2021,7,24,80
7/25/2021,7,25,80
7/26/2021,7,26,80
7/27/2021,7,27,80
7/28/2021,7,28,79
7/29/2021,7,29,80
7/30/2021,7,30,81
7/31/2021,7,31,83
8/1/2021,8,1,82
8/2/2021,8,2,78
8/3/2021,8,3,76
8/4/2021,8,4,78
8/5/2021,8,5,77
8/6/2021,8,6,78
8/7/2021,8,7,79
8/8/2021,8,8,80
8/9/2021,8,9,82
8/10/2021,8,10,82
8/11/2021,8,11,81
8/12/2021,8,12,81
8/13/2021,8,13,81
8/14/2021,8,14,78
8/15/2021,8,15,80
8/16/2021,8,16,80
8/17/2021,8,17,81
8/18/2021,8,18,83
8/19/2021,8,19,82
8/20/2021,8,20,82
8/21/2021,8,21,83
8/22/2021,8,22,81
8/23/2021,8,23,82
8/24/2021,8,24,79
8/25/2021,8,25,77
8/26/2021,8,26,78
8/27/2021,8,27,79
8/28/2021,8,28,81
8/29/2021,8,29,83
8/30/2021,8,30,83
8/31/2021,8,31,81
9/1/2021,9,1,76
9/2/2021,9,2,78
9/3/2021,9,3,78
9/4/2021,9,4,78
9/5/2021,9,5,77
9/6/2021,9,6,78
9/7/2021,9,7,79
9/8/2021,9,8,78
9/9/2021,9,9,77
9/10/2021,9,10,78
9/11/2021,9,11,77
9/12/2021,9,12,79
9/13/2021,9,13,78
9/14/2021,9,14,82
9/15/2021,9,15,82
9/16/2021,9,16,83
9/17/2021,9,17,81
9/18/2021,9,18,78
9/19/2021,9,19,76
9/20/2021,9,20,77
9/21/2021,9,21,78
9/22/2021,9,22,78
9/23/2021,9,23,76
9/24/2021,9,24,72
9/25/2021,9,25,75
9/26/2021,9,26,75
9/27/2021,9,27,73
9/28/2021,9,28,74
9/29/2021,9,29,74
9/30/2021,9,30,75
10/1/2021,10,1,76
10/2/2021,10,2,76
10/3/2021,10,3,74
10/4/2021,10,4,75
10/5/2021,10,5,75
10/6/2021,10,6,76
10/7/2021,10,7,77
10/8/2021,10,8,77
10/9/2021,10,9,75
10/10/2021,10,10,74
10/11/2021,10,11,74
10/12/2021,10,12,76
10/13/2021,10,13,76
10/14/2021,10,14,76
10/15/2021,10,15,75
10/16/2021,10,16,75
10/17/2021,10,17,69
10/18/2021,10,18,63
10/19/2021,10,19,68
10/20/2021,10,20,68
10/21/2021,10,21,71
10/22/2021,10,22,73
10/23/2021,10,23,73
10/24/2021,10,24,72
10/25/2021,10,25,76
10/26/2021,10,26,76
10/27/2021,10,27,64
10/28/2021,10,28,67
10/29/2021,10,29,66
10/30/2021,10,30,61
10/31/2021,10,31,56
11/1/2021,11,1,59
11/2/2021,11,2,67
11/3/2021,11,3,65
11/4/2021,11,4,63
11/5/2021,11,5,58
11/6/2021,11,6,51
11/7/2021,11,7,55
11/8/2021,11,8,57
11/9/2021,11,9,56
11/10/2021,11,10,63
11/11/2021,11,11,68
11/12/2021,11,12,67
11/13/2021,11,13,63
11/14/2021,11,14,54
11/15/2021,11,15,54
11/16/2021,11,16,55
11/17/2021,11,17,62
11/18/2021,11,18,68
11/19/2021,11,19,69
11/20/2021,11,20,62
11/21/2021,11,21,67
11/22/2021,11,22,65
11/23/2021,11,23,54
11/24/2021,11,24,51
11/25/2021,11,25,59
11/26/2021,11,26,57
11/27/2021,11,27,50
11/28/2021,11,28,52
11/29/2021,11,29,57
11/30/2021,11,30,49
12/1/2021,12,1,53
12/2/2021,12,2,58
12/3/2021,12,3,58
12/4/2021,12,4,58
12/5/2021,12,5,60
12/6/2021,12,6,62
12/7/2021,12,7,67
12/8/2021,12,8,68
12/9/2021,12,9,64
12/10/2021,12,10,65
12/11/2021,12,11,69
12/12/2021,12,12,69
12/13/2021,12,13,65
12/14/2021,12,14,64
12/15/2021,12,15,67
12/16/2021,12,16,70
12/17/2021,12,17,69
12/18/2021,12,18,68
12/19/2021,12,19,70
12/20/2021,12,20,60
12/21/2021,12,21,53
12/22/2021,12,22,51
12/23/2021,12,23,51
12/24/2021,12,24,57
12/25/2021,12,25,58
12/26/2021,12,26,65
12/27/2021,12,27,64
12/28/2021,12,28,64
12/29/2021,12,29,65
12/30/2021,12,30,71
12/31/2021,12,31,73
